type,title,url,meta
quiz,Question1,https://www.geeksforgeeks.org/batch/dsa-jiit/track/Java-Foundation-Data-Types-2/quiz/NDAwNzg=,
quiz,Question2,https://www.geeksforgeeks.org/batch/dsa-jiit/track/Java-Foundation-Data-Types-2/quiz/NDAwNzk=,
quiz,Question3,https://www.geeksforgeeks.org/batch/dsa-jiit/track/Java-Foundation-Data-Types-2/quiz/NDAwODA=,
quiz,Question4,https://www.geeksforgeeks.org/batch/dsa-jiit/track/Java-Foundation-Data-Types-2/quiz/NDAwODE=,
quiz,Question5,https://www.geeksforgeeks.org/batch/dsa-jiit/track/Java-Foundation-Data-Types-2/quiz/NDAwODk=,
quiz,Question6,https://www.geeksforgeeks.org/batch/dsa-jiit/track/Java-Foundation-Data-Types-2/quiz/NDAwODM=,
quiz,Question7,https://www.geeksforgeeks.org/batch/dsa-jiit/track/Java-Foundation-Data-Types-2/quiz/NDAwODQ=,
quiz,Question8,https://www.geeksforgeeks.org/batch/dsa-jiit/track/Java-Foundation-Data-Types-2/quiz/NDAwODU=,
quiz,Question9,https://www.geeksforgeeks.org/batch/dsa-jiit/track/Java-Foundation-Data-Types-2/quiz/NDAwODY=,
quiz,Question10,https://www.geeksforgeeks.org/batch/dsa-jiit/track/Java-Foundation-Data-Types-2/quiz/NDAwODc=,
quiz,Question1,https://www.geeksforgeeks.org/batch/dsa-jiit/track/cpp-foundation-cpp-basics-2/quiz/NDM3NzU=,
quiz,Question2,https://www.geeksforgeeks.org/batch/dsa-jiit/track/cpp-foundation-cpp-basics-2/quiz/NDM3NzY=,
quiz,Question3,https://www.geeksforgeeks.org/batch/dsa-jiit/track/cpp-foundation-cpp-basics-2/quiz/NDM3Nzc=,
quiz,Question4,https://www.geeksforgeeks.org/batch/dsa-jiit/track/cpp-foundation-cpp-basics-2/quiz/NDM3Nzg=,
quiz,Question5,https://www.geeksforgeeks.org/batch/dsa-jiit/track/cpp-foundation-cpp-basics-2/quiz/NDM3Nzk=,
quiz,Question6,https://www.geeksforgeeks.org/batch/dsa-jiit/track/cpp-foundation-cpp-basics-2/quiz/NDM3ODA=,
quiz,Question7,https://www.geeksforgeeks.org/batch/dsa-jiit/track/cpp-foundation-cpp-basics-2/quiz/NDM3ODE=,
quiz,Question8,https://www.geeksforgeeks.org/batch/dsa-jiit/track/cpp-foundation-cpp-basics-2/quiz/NDM3ODI=,
quiz,Question9,https://www.geeksforgeeks.org/batch/dsa-jiit/track/cpp-foundation-cpp-basics-2/quiz/NDM3ODM=,
quiz,Question10,https://www.geeksforgeeks.org/batch/dsa-jiit/track/cpp-foundation-cpp-basics-2/quiz/NDM3ODQ=,
quiz,Question1,https://www.geeksforgeeks.org/batch/dsa-jiit/track/cpp-foundation-variables-and-data-types-2/quiz/NDAyNDc=,
quiz,Question2,https://www.geeksforgeeks.org/batch/dsa-jiit/track/cpp-foundation-variables-and-data-types-2/quiz/NDAyNDg=,
quiz,Question3,https://www.geeksforgeeks.org/batch/dsa-jiit/track/cpp-foundation-variables-and-data-types-2/quiz/NDAyNDk=,
quiz,Question4,https://www.geeksforgeeks.org/batch/dsa-jiit/track/cpp-foundation-variables-and-data-types-2/quiz/NDAyNTQ=,
quiz,Question5,https://www.geeksforgeeks.org/batch/dsa-jiit/track/cpp-foundation-variables-and-data-types-2/quiz/NDAyNTY=,
quiz,Question6,https://www.geeksforgeeks.org/batch/dsa-jiit/track/cpp-foundation-variables-and-data-types-2/quiz/NTE0NzA=,
quiz,Question7,https://www.geeksforgeeks.org/batch/dsa-jiit/track/cpp-foundation-variables-and-data-types-2/quiz/NTE0Njk=,
quiz,Question8,https://www.geeksforgeeks.org/batch/dsa-jiit/track/cpp-foundation-variables-and-data-types-2/quiz/NTE0Njg=,
quiz,Question9,https://www.geeksforgeeks.org/batch/dsa-jiit/track/cpp-foundation-variables-and-data-types-2/quiz/NTE0Njc=,
quiz,Question10,https://www.geeksforgeeks.org/batch/dsa-jiit/track/cpp-foundation-variables-and-data-types-2/quiz/NTE0NjY=,
quiz,Question1,https://www.geeksforgeeks.org/batch/dsa-jiit/track/foundation-cpp-io-in-cpp-2/quiz/NDAyODg=,
quiz,Question2,https://www.geeksforgeeks.org/batch/dsa-jiit/track/foundation-cpp-io-in-cpp-2/quiz/NDAyODk=,
quiz,Question3,https://www.geeksforgeeks.org/batch/dsa-jiit/track/foundation-cpp-io-in-cpp-2/quiz/NDAyOTA=,
quiz,Question4,https://www.geeksforgeeks.org/batch/dsa-jiit/track/foundation-cpp-io-in-cpp-2/quiz/NDAyOTE=,
quiz,Question5,https://www.geeksforgeeks.org/batch/dsa-jiit/track/foundation-cpp-io-in-cpp-2/quiz/NDAyOTI=,
quiz,Question6,https://www.geeksforgeeks.org/batch/dsa-jiit/track/foundation-cpp-io-in-cpp-2/quiz/NDAyOTM=,
quiz,Question7,https://www.geeksforgeeks.org/batch/dsa-jiit/track/foundation-cpp-io-in-cpp-2/quiz/NDAyOTQ=,
quiz,Question8,https://www.geeksforgeeks.org/batch/dsa-jiit/track/foundation-cpp-io-in-cpp-2/quiz/NDAyOTU=,
quiz,Question9,https://www.geeksforgeeks.org/batch/dsa-jiit/track/foundation-cpp-io-in-cpp-2/quiz/NDAyOTY=,
quiz,Question10,https://www.geeksforgeeks.org/batch/dsa-jiit/track/foundation-cpp-io-in-cpp-2/quiz/NDAyOTc=,
quiz,Question1,https://www.geeksforgeeks.org/batch/dsa-jiit/track/foundation-cpp-operators-2/quiz/NDExMDg=,
quiz,Question2,https://www.geeksforgeeks.org/batch/dsa-jiit/track/foundation-cpp-operators-2/quiz/NDExMDk=,
quiz,Question3,https://www.geeksforgeeks.org/batch/dsa-jiit/track/foundation-cpp-operators-2/quiz/NDExMTA=,
quiz,Question4,https://www.geeksforgeeks.org/batch/dsa-jiit/track/foundation-cpp-operators-2/quiz/NDExMTE=,
quiz,Question5,https://www.geeksforgeeks.org/batch/dsa-jiit/track/foundation-cpp-operators-2/quiz/NDExMTI=,
quiz,Question6,https://www.geeksforgeeks.org/batch/dsa-jiit/track/foundation-cpp-operators-2/quiz/NDExMTM=,
quiz,Question7,https://www.geeksforgeeks.org/batch/dsa-jiit/track/foundation-cpp-operators-2/quiz/NDExMTQ=,
quiz,Question8,https://www.geeksforgeeks.org/batch/dsa-jiit/track/foundation-cpp-operators-2/quiz/NDExMTU=,
quiz,Question9,https://www.geeksforgeeks.org/batch/dsa-jiit/track/foundation-cpp-operators-2/quiz/NDExMTY=,
quiz,Question10,https://www.geeksforgeeks.org/batch/dsa-jiit/track/foundation-cpp-operators-2/quiz/NDExMTc=,
quiz,Question1,https://www.geeksforgeeks.org/batch/dsa-jiit/track/foundation-cpp-flow-control-2/quiz/NDA3NjY=,
quiz,Question2,https://www.geeksforgeeks.org/batch/dsa-jiit/track/foundation-cpp-flow-control-2/quiz/NDA3Njc=,
quiz,Question3,https://www.geeksforgeeks.org/batch/dsa-jiit/track/foundation-cpp-flow-control-2/quiz/NDA3Njg=,
quiz,Question4,https://www.geeksforgeeks.org/batch/dsa-jiit/track/foundation-cpp-flow-control-2/quiz/NDA3Njk=,
quiz,Question5,https://www.geeksforgeeks.org/batch/dsa-jiit/track/foundation-cpp-flow-control-2/quiz/NDA3NzA=,
quiz,Question6,https://www.geeksforgeeks.org/batch/dsa-jiit/track/foundation-cpp-flow-control-2/quiz/NDA3NzE=,
quiz,Question7,https://www.geeksforgeeks.org/batch/dsa-jiit/track/foundation-cpp-flow-control-2/quiz/NDA3NzI=,
quiz,Question8,https://www.geeksforgeeks.org/batch/dsa-jiit/track/foundation-cpp-flow-control-2/quiz/NDA3NzM=,
quiz,Question9,https://www.geeksforgeeks.org/batch/dsa-jiit/track/foundation-cpp-flow-control-2/quiz/NDA3NzQ=,
quiz,Question10,https://www.geeksforgeeks.org/batch/dsa-jiit/track/foundation-cpp-flow-control-2/quiz/NDA3NzU=,
quiz,Question1,https://www.geeksforgeeks.org/batch/dsa-jiit/track/foundation-cpp-loops-2/quiz/NDA3NTQ=,
quiz,Question2,https://www.geeksforgeeks.org/batch/dsa-jiit/track/foundation-cpp-loops-2/quiz/NDA3NTY=,
quiz,Question3,https://www.geeksforgeeks.org/batch/dsa-jiit/track/foundation-cpp-loops-2/quiz/NDA3NTc=,
quiz,Question4,https://www.geeksforgeeks.org/batch/dsa-jiit/track/foundation-cpp-loops-2/quiz/NDA3NTg=,
quiz,Question5,https://www.geeksforgeeks.org/batch/dsa-jiit/track/foundation-cpp-loops-2/quiz/NDA3NTk=,
quiz,Question6,https://www.geeksforgeeks.org/batch/dsa-jiit/track/foundation-cpp-loops-2/quiz/NDA3NjA=,
quiz,Question7,https://www.geeksforgeeks.org/batch/dsa-jiit/track/foundation-cpp-loops-2/quiz/NDA3NjU=,
quiz,Question8,https://www.geeksforgeeks.org/batch/dsa-jiit/track/foundation-cpp-loops-2/quiz/NDA3NjI=,
quiz,Question9,https://www.geeksforgeeks.org/batch/dsa-jiit/track/foundation-cpp-loops-2/quiz/NDA3NjM=,
quiz,Question10,https://www.geeksforgeeks.org/batch/dsa-jiit/track/foundation-cpp-loops-2/quiz/NDA3NjQ=,
quiz,Question1,https://www.geeksforgeeks.org/batch/dsa-jiit/track/foundation-cpp-function-2/quiz/NDA1OTM=,
quiz,Question2,https://www.geeksforgeeks.org/batch/dsa-jiit/track/foundation-cpp-function-2/quiz/NDA1OTQ=,
quiz,Question3,https://www.geeksforgeeks.org/batch/dsa-jiit/track/foundation-cpp-function-2/quiz/NDA1OTU=,
quiz,Question4,https://www.geeksforgeeks.org/batch/dsa-jiit/track/foundation-cpp-function-2/quiz/NDA1OTY=,
quiz,Question5,https://www.geeksforgeeks.org/batch/dsa-jiit/track/foundation-cpp-function-2/quiz/NDA1OTc=,
quiz,Question6,https://www.geeksforgeeks.org/batch/dsa-jiit/track/foundation-cpp-function-2/quiz/NDA1OTg=,
quiz,Question7,https://www.geeksforgeeks.org/batch/dsa-jiit/track/foundation-cpp-function-2/quiz/NDA1OTk=,
quiz,Question8,https://www.geeksforgeeks.org/batch/dsa-jiit/track/foundation-cpp-function-2/quiz/NDA2MDA=,
quiz,Question9,https://www.geeksforgeeks.org/batch/dsa-jiit/track/foundation-cpp-function-2/quiz/NDA2MDE=,
quiz,Question10,https://www.geeksforgeeks.org/batch/dsa-jiit/track/foundation-cpp-function-2/quiz/NDA2MDI=,
quiz,Question1,https://www.geeksforgeeks.org/batch/dsa-jiit/track/foundation-cpp-array-2/quiz/NDA3NDQ=,
quiz,Question2,https://www.geeksforgeeks.org/batch/dsa-jiit/track/foundation-cpp-array-2/quiz/NDA3NDU=,
quiz,Question3,https://www.geeksforgeeks.org/batch/dsa-jiit/track/foundation-cpp-array-2/quiz/NDA3NDY=,
quiz,Question4,https://www.geeksforgeeks.org/batch/dsa-jiit/track/foundation-cpp-array-2/quiz/NDA3NDc=,
quiz,Question5,https://www.geeksforgeeks.org/batch/dsa-jiit/track/foundation-cpp-array-2/quiz/NDA3NDg=,
quiz,Question6,https://www.geeksforgeeks.org/batch/dsa-jiit/track/foundation-cpp-array-2/quiz/NDA3NDk=,
quiz,Question7,https://www.geeksforgeeks.org/batch/dsa-jiit/track/foundation-cpp-array-2/quiz/NDA3NTA=,
quiz,Question8,https://www.geeksforgeeks.org/batch/dsa-jiit/track/foundation-cpp-array-2/quiz/NDA3NTE=,
quiz,Question9,https://www.geeksforgeeks.org/batch/dsa-jiit/track/foundation-cpp-array-2/quiz/NDA3NTI=,
quiz,Question10,https://www.geeksforgeeks.org/batch/dsa-jiit/track/foundation-cpp-array-2/quiz/NDA3NTM=,
quiz,Question1,https://www.geeksforgeeks.org/batch/dsa-jiit/track/foundation-cpp-references-2/quiz/NDA1ODM=,
quiz,Question2,https://www.geeksforgeeks.org/batch/dsa-jiit/track/foundation-cpp-references-2/quiz/NDA1ODQ=,
quiz,Question3,https://www.geeksforgeeks.org/batch/dsa-jiit/track/foundation-cpp-references-2/quiz/NDA1ODU=,
quiz,Question4,https://www.geeksforgeeks.org/batch/dsa-jiit/track/foundation-cpp-references-2/quiz/NDA1ODY=,
quiz,Question5,https://www.geeksforgeeks.org/batch/dsa-jiit/track/foundation-cpp-references-2/quiz/NDA1ODc=,
quiz,Question6,https://www.geeksforgeeks.org/batch/dsa-jiit/track/foundation-cpp-references-2/quiz/NDA1ODg=,
quiz,Question7,https://www.geeksforgeeks.org/batch/dsa-jiit/track/foundation-cpp-references-2/quiz/NDA1ODk=,
quiz,Question8,https://www.geeksforgeeks.org/batch/dsa-jiit/track/foundation-cpp-references-2/quiz/NDA1OTA=,
quiz,Question9,https://www.geeksforgeeks.org/batch/dsa-jiit/track/foundation-cpp-references-2/quiz/NDA1OTE=,
quiz,Question10,https://www.geeksforgeeks.org/batch/dsa-jiit/track/foundation-cpp-references-2/quiz/NDA1OTI=,
quiz,Question1,https://www.geeksforgeeks.org/batch/dsa-jiit/track/foundation-cpp-pointers-2/quiz/NDA2ODM=,
quiz,Question2,https://www.geeksforgeeks.org/batch/dsa-jiit/track/foundation-cpp-pointers-2/quiz/NDA2ODQ=,
quiz,Question3,https://www.geeksforgeeks.org/batch/dsa-jiit/track/foundation-cpp-pointers-2/quiz/NDA2ODU=,
quiz,Question4,https://www.geeksforgeeks.org/batch/dsa-jiit/track/foundation-cpp-pointers-2/quiz/NDA2ODY=,
quiz,Question5,https://www.geeksforgeeks.org/batch/dsa-jiit/track/foundation-cpp-pointers-2/quiz/NDA2ODc=,
quiz,Question6,https://www.geeksforgeeks.org/batch/dsa-jiit/track/foundation-cpp-pointers-2/quiz/NDA2ODg=,
quiz,Question7,https://www.geeksforgeeks.org/batch/dsa-jiit/track/foundation-cpp-pointers-2/quiz/NDA2ODk=,
quiz,Question8,https://www.geeksforgeeks.org/batch/dsa-jiit/track/foundation-cpp-pointers-2/quiz/NDA2OTA=,
quiz,Question9,https://www.geeksforgeeks.org/batch/dsa-jiit/track/foundation-cpp-pointers-2/quiz/NDA2OTE=,
quiz,Question10,https://www.geeksforgeeks.org/batch/dsa-jiit/track/foundation-cpp-pointers-2/quiz/NDA2OTI=,
quiz,Question1,https://www.geeksforgeeks.org/batch/dsa-jiit/track/foundation-cpp-string-2/quiz/NDA3MzM=,
quiz,Question2,https://www.geeksforgeeks.org/batch/dsa-jiit/track/foundation-cpp-string-2/quiz/NDA3MzQ=,
quiz,Question3,https://www.geeksforgeeks.org/batch/dsa-jiit/track/foundation-cpp-string-2/quiz/NDA3MzU=,
quiz,Question4,https://www.geeksforgeeks.org/batch/dsa-jiit/track/foundation-cpp-string-2/quiz/NDA3MzY=,
quiz,Question5,https://www.geeksforgeeks.org/batch/dsa-jiit/track/foundation-cpp-string-2/quiz/NDA3Mzc=,
quiz,Question6,https://www.geeksforgeeks.org/batch/dsa-jiit/track/foundation-cpp-string-2/quiz/NDA3Mzg=,
quiz,Question7,https://www.geeksforgeeks.org/batch/dsa-jiit/track/foundation-cpp-string-2/quiz/NDA3NDM=,
quiz,Question8,https://www.geeksforgeeks.org/batch/dsa-jiit/track/foundation-cpp-string-2/quiz/NDA3NDA=,
quiz,Question9,https://www.geeksforgeeks.org/batch/dsa-jiit/track/foundation-cpp-string-2/quiz/NDA3NDE=,
quiz,Question10,https://www.geeksforgeeks.org/batch/dsa-jiit/track/foundation-cpp-string-2/quiz/NDA3NDI=,
quiz,Question1,https://www.geeksforgeeks.org/batch/dsa-jiit/track/foundation-cpp-structure-union-2/quiz/NDA3MTM=,
quiz,Question2,https://www.geeksforgeeks.org/batch/dsa-jiit/track/foundation-cpp-structure-union-2/quiz/NDA3MTQ=,
quiz,Question3,https://www.geeksforgeeks.org/batch/dsa-jiit/track/foundation-cpp-structure-union-2/quiz/NDA3MTU=,
quiz,Question4,https://www.geeksforgeeks.org/batch/dsa-jiit/track/foundation-cpp-structure-union-2/quiz/NDA3MTY=,
quiz,Question5,https://www.geeksforgeeks.org/batch/dsa-jiit/track/foundation-cpp-structure-union-2/quiz/NDA3MTc=,
quiz,Question6,https://www.geeksforgeeks.org/batch/dsa-jiit/track/foundation-cpp-structure-union-2/quiz/NDA3MTg=,
quiz,Question7,https://www.geeksforgeeks.org/batch/dsa-jiit/track/foundation-cpp-structure-union-2/quiz/NDA3MTk=,
quiz,Question8,https://www.geeksforgeeks.org/batch/dsa-jiit/track/foundation-cpp-structure-union-2/quiz/NDA3MjA=,
quiz,Question9,https://www.geeksforgeeks.org/batch/dsa-jiit/track/foundation-cpp-structure-union-2/quiz/NDA3MjE=,
quiz,Question10,https://www.geeksforgeeks.org/batch/dsa-jiit/track/foundation-cpp-structure-union-2/quiz/NDA3MjI=,
quiz,Question1,https://www.geeksforgeeks.org/batch/dsa-jiit/track/foundation-cpp-multidimension-2/quiz/MTEwOTI=,
quiz,Question2,https://www.geeksforgeeks.org/batch/dsa-jiit/track/foundation-cpp-multidimension-2/quiz/MTEwOTM=,
quiz,Question3,https://www.geeksforgeeks.org/batch/dsa-jiit/track/foundation-cpp-multidimension-2/quiz/MTEwOTU=,
quiz,Question4,https://www.geeksforgeeks.org/batch/dsa-jiit/track/foundation-cpp-multidimension-2/quiz/MTEwOTY=,
quiz,Question5,https://www.geeksforgeeks.org/batch/dsa-jiit/track/foundation-cpp-multidimension-2/quiz/NDQ0MDg=,
quiz,Question1,https://www.geeksforgeeks.org/batch/dsa-jiit/track/cpp-foundation-template-in-cpp-2/quiz/NDA2OTQ=,
quiz,Question2,https://www.geeksforgeeks.org/batch/dsa-jiit/track/cpp-foundation-template-in-cpp-2/quiz/NDA2OTU=,
quiz,Question3,https://www.geeksforgeeks.org/batch/dsa-jiit/track/cpp-foundation-template-in-cpp-2/quiz/NDA2OTY=,
quiz,Question4,https://www.geeksforgeeks.org/batch/dsa-jiit/track/cpp-foundation-template-in-cpp-2/quiz/NDA2OTc=,
quiz,Question5,https://www.geeksforgeeks.org/batch/dsa-jiit/track/cpp-foundation-template-in-cpp-2/quiz/NDA2OTg=,
quiz,Question6,https://www.geeksforgeeks.org/batch/dsa-jiit/track/cpp-foundation-template-in-cpp-2/quiz/NDA2OTk=,
quiz,Question7,https://www.geeksforgeeks.org/batch/dsa-jiit/track/cpp-foundation-template-in-cpp-2/quiz/NDA3MDA=,
quiz,Question8,https://www.geeksforgeeks.org/batch/dsa-jiit/track/cpp-foundation-template-in-cpp-2/quiz/NDA3MDE=,
quiz,Question9,https://www.geeksforgeeks.org/batch/dsa-jiit/track/cpp-foundation-template-in-cpp-2/quiz/NDA3MDI=,
quiz,Question10,https://www.geeksforgeeks.org/batch/dsa-jiit/track/cpp-foundation-template-in-cpp-2/quiz/NDA2OTM=,
quiz,Question1,https://www.geeksforgeeks.org/batch/dsa-jiit/track/foundation-cpp-oops-2/quiz/NDA3MDM=,
quiz,Question2,https://www.geeksforgeeks.org/batch/dsa-jiit/track/foundation-cpp-oops-2/quiz/NDA3MDQ=,
quiz,Question3,https://www.geeksforgeeks.org/batch/dsa-jiit/track/foundation-cpp-oops-2/quiz/NDA3MDU=,
quiz,Question4,https://www.geeksforgeeks.org/batch/dsa-jiit/track/foundation-cpp-oops-2/quiz/NDA3MDY=,
quiz,Question5,https://www.geeksforgeeks.org/batch/dsa-jiit/track/foundation-cpp-oops-2/quiz/NDA3MDc=,
quiz,Question6,https://www.geeksforgeeks.org/batch/dsa-jiit/track/foundation-cpp-oops-2/quiz/NDA3MDg=,
quiz,Question7,https://www.geeksforgeeks.org/batch/dsa-jiit/track/foundation-cpp-oops-2/quiz/NDA3MDk=,
quiz,Question8,https://www.geeksforgeeks.org/batch/dsa-jiit/track/foundation-cpp-oops-2/quiz/NDA3MTA=,
quiz,Question9,https://www.geeksforgeeks.org/batch/dsa-jiit/track/foundation-cpp-oops-2/quiz/NDA3MTE=,
quiz,Question10,https://www.geeksforgeeks.org/batch/dsa-jiit/track/foundation-cpp-oops-2/quiz/NDA3MTI=,
quiz,Question1,https://www.geeksforgeeks.org/batch/dsa-jiit/track/foundation-cpp-exception-handling/quiz/NDA1MjA=,
quiz,Question2,https://www.geeksforgeeks.org/batch/dsa-jiit/track/foundation-cpp-exception-handling/quiz/NDA1MjE=,
quiz,Question3,https://www.geeksforgeeks.org/batch/dsa-jiit/track/foundation-cpp-exception-handling/quiz/NDA1MjI=,
quiz,Question4,https://www.geeksforgeeks.org/batch/dsa-jiit/track/foundation-cpp-exception-handling/quiz/NDA1MjM=,
quiz,Question5,https://www.geeksforgeeks.org/batch/dsa-jiit/track/foundation-cpp-exception-handling/quiz/NDA1MjQ=,
quiz,Question6,https://www.geeksforgeeks.org/batch/dsa-jiit/track/foundation-cpp-exception-handling/quiz/NDA1MjU=,
quiz,Question7,https://www.geeksforgeeks.org/batch/dsa-jiit/track/foundation-cpp-exception-handling/quiz/NDA1MjY=,
quiz,Question8,https://www.geeksforgeeks.org/batch/dsa-jiit/track/foundation-cpp-exception-handling/quiz/NDA1Mjc=,
quiz,Question9,https://www.geeksforgeeks.org/batch/dsa-jiit/track/foundation-cpp-exception-handling/quiz/NDA1Mjg=,
quiz,Question10,https://www.geeksforgeeks.org/batch/dsa-jiit/track/foundation-cpp-exception-handling/quiz/NDA1Mjk=,
quiz,Question1,https://www.geeksforgeeks.org/batch/dsa-jiit/track/cpp-foundation-advanced-2/quiz/NDA3NzY=,
quiz,Question2,https://www.geeksforgeeks.org/batch/dsa-jiit/track/cpp-foundation-advanced-2/quiz/NDA3Nzc=,
quiz,Question3,https://www.geeksforgeeks.org/batch/dsa-jiit/track/cpp-foundation-advanced-2/quiz/NDA3Nzg=,
quiz,Question4,https://www.geeksforgeeks.org/batch/dsa-jiit/track/cpp-foundation-advanced-2/quiz/NDA3Nzk=,
quiz,Question5,https://www.geeksforgeeks.org/batch/dsa-jiit/track/cpp-foundation-advanced-2/quiz/NDA3ODA=,
quiz,Question6,https://www.geeksforgeeks.org/batch/dsa-jiit/track/cpp-foundation-advanced-2/quiz/NDA3ODE=,
quiz,Question7,https://www.geeksforgeeks.org/batch/dsa-jiit/track/cpp-foundation-advanced-2/quiz/NDA3ODI=,
quiz,Question8,https://www.geeksforgeeks.org/batch/dsa-jiit/track/cpp-foundation-advanced-2/quiz/NDA3ODM=,
quiz,Question9,https://www.geeksforgeeks.org/batch/dsa-jiit/track/cpp-foundation-advanced-2/quiz/NDA3ODQ=,
quiz,Question10,https://www.geeksforgeeks.org/batch/dsa-jiit/track/cpp-foundation-advanced-2/quiz/NDA3ODU=,
quiz,Question1,https://www.geeksforgeeks.org/batch/dsa-jiit/track/Java-Foundation-Java-Basics-jtp-2/quiz/NDAwNjg=,
quiz,Question2,https://www.geeksforgeeks.org/batch/dsa-jiit/track/Java-Foundation-Java-Basics-jtp-2/quiz/NDAwNjk=,
quiz,Question3,https://www.geeksforgeeks.org/batch/dsa-jiit/track/Java-Foundation-Java-Basics-jtp-2/quiz/NDAwNzA=,
quiz,Question4,https://www.geeksforgeeks.org/batch/dsa-jiit/track/Java-Foundation-Java-Basics-jtp-2/quiz/NDAwNzE=,
quiz,Question5,https://www.geeksforgeeks.org/batch/dsa-jiit/track/Java-Foundation-Java-Basics-jtp-2/quiz/NDAwNzI=,
quiz,Question6,https://www.geeksforgeeks.org/batch/dsa-jiit/track/Java-Foundation-Java-Basics-jtp-2/quiz/NDAwNzM=,
quiz,Question7,https://www.geeksforgeeks.org/batch/dsa-jiit/track/Java-Foundation-Java-Basics-jtp-2/quiz/NDAwNzQ=,
quiz,Question8,https://www.geeksforgeeks.org/batch/dsa-jiit/track/Java-Foundation-Java-Basics-jtp-2/quiz/NDAwNzU=,
quiz,Question9,https://www.geeksforgeeks.org/batch/dsa-jiit/track/Java-Foundation-Java-Basics-jtp-2/quiz/NDAwNzY=,
quiz,Question10,https://www.geeksforgeeks.org/batch/dsa-jiit/track/Java-Foundation-Java-Basics-jtp-2/quiz/NDAwNzc=,
quiz,Question1,https://www.geeksforgeeks.org/batch/dsa-jiit/track/Java-Foundation-IO-2/quiz/NDAwOTA=,
quiz,Question2,https://www.geeksforgeeks.org/batch/dsa-jiit/track/Java-Foundation-IO-2/quiz/NDAwOTE=,
quiz,Question3,https://www.geeksforgeeks.org/batch/dsa-jiit/track/Java-Foundation-IO-2/quiz/NDAwOTI=,
quiz,Question4,https://www.geeksforgeeks.org/batch/dsa-jiit/track/Java-Foundation-IO-2/quiz/NDAwOTM=,
quiz,Question5,https://www.geeksforgeeks.org/batch/dsa-jiit/track/Java-Foundation-IO-2/quiz/NDAwOTQ=,
quiz,Question6,https://www.geeksforgeeks.org/batch/dsa-jiit/track/Java-Foundation-IO-2/quiz/NDAwOTU=,
quiz,Question7,https://www.geeksforgeeks.org/batch/dsa-jiit/track/Java-Foundation-IO-2/quiz/NDAwOTY=,
quiz,Question8,https://www.geeksforgeeks.org/batch/dsa-jiit/track/Java-Foundation-IO-2/quiz/NDAwOTc=,
quiz,Question9,https://www.geeksforgeeks.org/batch/dsa-jiit/track/Java-Foundation-IO-2/quiz/NDAwOTg=,
quiz,Question10,https://www.geeksforgeeks.org/batch/dsa-jiit/track/Java-Foundation-IO-2/quiz/NDAwOTk=,
quiz,Question1,https://www.geeksforgeeks.org/batch/dsa-jiit/track/Java-Foundation-Operators-2/quiz/NDAxMDA=,
quiz,Question2,https://www.geeksforgeeks.org/batch/dsa-jiit/track/Java-Foundation-Operators-2/quiz/NDAxMDE=,
quiz,Question3,https://www.geeksforgeeks.org/batch/dsa-jiit/track/Java-Foundation-Operators-2/quiz/NDAxMDI=,
quiz,Question4,https://www.geeksforgeeks.org/batch/dsa-jiit/track/Java-Foundation-Operators-2/quiz/NDAxMDM=,
quiz,Question5,https://www.geeksforgeeks.org/batch/dsa-jiit/track/Java-Foundation-Operators-2/quiz/NDAxMDQ=,
quiz,Question6,https://www.geeksforgeeks.org/batch/dsa-jiit/track/Java-Foundation-Operators-2/quiz/NDAxMDY=,
quiz,Question7,https://www.geeksforgeeks.org/batch/dsa-jiit/track/Java-Foundation-Operators-2/quiz/NDAxMDc=,
quiz,Question8,https://www.geeksforgeeks.org/batch/dsa-jiit/track/Java-Foundation-Operators-2/quiz/NDAxMDg=,
quiz,Question9,https://www.geeksforgeeks.org/batch/dsa-jiit/track/Java-Foundation-Operators-2/quiz/NDAxMDk=,
quiz,Question10,https://www.geeksforgeeks.org/batch/dsa-jiit/track/Java-Foundation-Operators-2/quiz/NDAxMTA=,
quiz,Question1,https://www.geeksforgeeks.org/batch/dsa-jiit/track/Java-Foundation-Flow-Control-2/quiz/NDAxMTE=,
quiz,Question2,https://www.geeksforgeeks.org/batch/dsa-jiit/track/Java-Foundation-Flow-Control-2/quiz/NDAxMTI=,
quiz,Question3,https://www.geeksforgeeks.org/batch/dsa-jiit/track/Java-Foundation-Flow-Control-2/quiz/NDAxMTM=,
quiz,Question4,https://www.geeksforgeeks.org/batch/dsa-jiit/track/Java-Foundation-Flow-Control-2/quiz/NDAxMTQ=,
quiz,Question5,https://www.geeksforgeeks.org/batch/dsa-jiit/track/Java-Foundation-Flow-Control-2/quiz/NDAxMTU=,
quiz,Question6,https://www.geeksforgeeks.org/batch/dsa-jiit/track/Java-Foundation-Flow-Control-2/quiz/NDAxMTY=,
quiz,Question7,https://www.geeksforgeeks.org/batch/dsa-jiit/track/Java-Foundation-Flow-Control-2/quiz/NDAxMTc=,
quiz,Question8,https://www.geeksforgeeks.org/batch/dsa-jiit/track/Java-Foundation-Flow-Control-2/quiz/NDAxMTg=,
quiz,Question9,https://www.geeksforgeeks.org/batch/dsa-jiit/track/Java-Foundation-Flow-Control-2/quiz/NDAxMTk=,
quiz,Question10,https://www.geeksforgeeks.org/batch/dsa-jiit/track/Java-Foundation-Flow-Control-2/quiz/NDAxMjA=,
quiz,Question1,https://www.geeksforgeeks.org/batch/dsa-jiit/track/Java-Foundation-Loops-2/quiz/NDAxMjE=,
quiz,Question2,https://www.geeksforgeeks.org/batch/dsa-jiit/track/Java-Foundation-Loops-2/quiz/NDAxMjI=,
quiz,Question3,https://www.geeksforgeeks.org/batch/dsa-jiit/track/Java-Foundation-Loops-2/quiz/NDAxMjM=,
quiz,Question4,https://www.geeksforgeeks.org/batch/dsa-jiit/track/Java-Foundation-Loops-2/quiz/NDAxMjQ=,
quiz,Question5,https://www.geeksforgeeks.org/batch/dsa-jiit/track/Java-Foundation-Loops-2/quiz/NDAxMjU=,
quiz,Question6,https://www.geeksforgeeks.org/batch/dsa-jiit/track/Java-Foundation-Loops-2/quiz/NDAxMjY=,
quiz,Question7,https://www.geeksforgeeks.org/batch/dsa-jiit/track/Java-Foundation-Loops-2/quiz/NDAxMjc=,
quiz,Question8,https://www.geeksforgeeks.org/batch/dsa-jiit/track/Java-Foundation-Loops-2/quiz/NDAxMjg=,
quiz,Question9,https://www.geeksforgeeks.org/batch/dsa-jiit/track/Java-Foundation-Loops-2/quiz/NDAxMjk=,
quiz,Question10,https://www.geeksforgeeks.org/batch/dsa-jiit/track/Java-Foundation-Loops-2/quiz/NDAxMzA=,
quiz,Question1,https://www.geeksforgeeks.org/batch/dsa-jiit/track/Java-Foundation-Functions-2/quiz/NDAxNTQ=,
quiz,Question2,https://www.geeksforgeeks.org/batch/dsa-jiit/track/Java-Foundation-Functions-2/quiz/NDAxNTU=,
quiz,Question3,https://www.geeksforgeeks.org/batch/dsa-jiit/track/Java-Foundation-Functions-2/quiz/NDAxNTY=,
quiz,Question4,https://www.geeksforgeeks.org/batch/dsa-jiit/track/Java-Foundation-Functions-2/quiz/NDAxNTc=,
quiz,Question5,https://www.geeksforgeeks.org/batch/dsa-jiit/track/Java-Foundation-Functions-2/quiz/NDAxNTg=,
quiz,Question6,https://www.geeksforgeeks.org/batch/dsa-jiit/track/Java-Foundation-Functions-2/quiz/NDAxNTk=,
quiz,Question7,https://www.geeksforgeeks.org/batch/dsa-jiit/track/Java-Foundation-Functions-2/quiz/NDAxNjA=,
quiz,Question8,https://www.geeksforgeeks.org/batch/dsa-jiit/track/Java-Foundation-Functions-2/quiz/NDAxNjE=,
quiz,Question9,https://www.geeksforgeeks.org/batch/dsa-jiit/track/Java-Foundation-Functions-2/quiz/NDAxNjI=,
quiz,Question10,https://www.geeksforgeeks.org/batch/dsa-jiit/track/Java-Foundation-Functions-2/quiz/NDAxNjM=,
quiz,Question1,https://www.geeksforgeeks.org/batch/dsa-jiit/track/Java-Foundation-Array-2/quiz/NDAxNDE=,
quiz,Question2,https://www.geeksforgeeks.org/batch/dsa-jiit/track/Java-Foundation-Array-2/quiz/NDAxNDI=,
quiz,Question3,https://www.geeksforgeeks.org/batch/dsa-jiit/track/Java-Foundation-Array-2/quiz/NDAxNTI=,
quiz,Question4,https://www.geeksforgeeks.org/batch/dsa-jiit/track/Java-Foundation-Array-2/quiz/NDAxNDQ=,
quiz,Question5,https://www.geeksforgeeks.org/batch/dsa-jiit/track/Java-Foundation-Array-2/quiz/NDAxNDU=,
quiz,Question6,https://www.geeksforgeeks.org/batch/dsa-jiit/track/Java-Foundation-Array-2/quiz/NDAxNDY=,
quiz,Question7,https://www.geeksforgeeks.org/batch/dsa-jiit/track/Java-Foundation-Array-2/quiz/NDAxNDc=,
quiz,Question8,https://www.geeksforgeeks.org/batch/dsa-jiit/track/Java-Foundation-Array-2/quiz/NDAxNDg=,
quiz,Question9,https://www.geeksforgeeks.org/batch/dsa-jiit/track/Java-Foundation-Array-2/quiz/NDAxNDk=,
quiz,Question10,https://www.geeksforgeeks.org/batch/dsa-jiit/track/Java-Foundation-Array-2/quiz/NDAxNTA=,
quiz,Question1,https://www.geeksforgeeks.org/batch/dsa-jiit/track/Java-Foundation-String-2/quiz/Mzk5Mzc=,
quiz,Question2,https://www.geeksforgeeks.org/batch/dsa-jiit/track/Java-Foundation-String-2/quiz/Mzk5Mzg=,
quiz,Question3,https://www.geeksforgeeks.org/batch/dsa-jiit/track/Java-Foundation-String-2/quiz/Mzk5Mzk=,
quiz,Question4,https://www.geeksforgeeks.org/batch/dsa-jiit/track/Java-Foundation-String-2/quiz/Mzk5NDA=,
quiz,Question5,https://www.geeksforgeeks.org/batch/dsa-jiit/track/Java-Foundation-String-2/quiz/Mzk5NDE=,
quiz,Question6,https://www.geeksforgeeks.org/batch/dsa-jiit/track/Java-Foundation-String-2/quiz/Mzk5NDI=,
quiz,Question7,https://www.geeksforgeeks.org/batch/dsa-jiit/track/Java-Foundation-String-2/quiz/Mzk5NDM=,
quiz,Question8,https://www.geeksforgeeks.org/batch/dsa-jiit/track/Java-Foundation-String-2/quiz/Mzk5NDQ=,
quiz,Question9,https://www.geeksforgeeks.org/batch/dsa-jiit/track/Java-Foundation-String-2/quiz/Mzk5NDU=,
quiz,Question10,https://www.geeksforgeeks.org/batch/dsa-jiit/track/Java-Foundation-String-2/quiz/Mzk5NDY=,
quiz,Question1,https://www.geeksforgeeks.org/batch/dsa-jiit/track/Java-Foundation-Classes-Objects-2/quiz/Mzk5Njg=,
quiz,Question2,https://www.geeksforgeeks.org/batch/dsa-jiit/track/Java-Foundation-Classes-Objects-2/quiz/Mzk5Njk=,
quiz,Question3,https://www.geeksforgeeks.org/batch/dsa-jiit/track/Java-Foundation-Classes-Objects-2/quiz/Mzk5NzA=,
quiz,Question4,https://www.geeksforgeeks.org/batch/dsa-jiit/track/Java-Foundation-Classes-Objects-2/quiz/Mzk5NzE=,
quiz,Question5,https://www.geeksforgeeks.org/batch/dsa-jiit/track/Java-Foundation-Classes-Objects-2/quiz/Mzk5NzI=,
quiz,Question6,https://www.geeksforgeeks.org/batch/dsa-jiit/track/Java-Foundation-Classes-Objects-2/quiz/Mzk5NzM=,
quiz,Question7,https://www.geeksforgeeks.org/batch/dsa-jiit/track/Java-Foundation-Classes-Objects-2/quiz/Mzk5NzU=,
quiz,Question8,https://www.geeksforgeeks.org/batch/dsa-jiit/track/Java-Foundation-Classes-Objects-2/quiz/Mzk5NzY=,
quiz,Question9,https://www.geeksforgeeks.org/batch/dsa-jiit/track/Java-Foundation-Classes-Objects-2/quiz/Mzk5Nzc=,
quiz,Question10,https://www.geeksforgeeks.org/batch/dsa-jiit/track/Java-Foundation-Classes-Objects-2/quiz/Mzk5Nzg=,
quiz,Question1,https://www.geeksforgeeks.org/batch/dsa-jiit/track/placement100-oops-java-2/quiz/MjMzNTc=,
quiz,Question2,https://www.geeksforgeeks.org/batch/dsa-jiit/track/placement100-oops-java-2/quiz/MjMzNTg=,
quiz,Question3,https://www.geeksforgeeks.org/batch/dsa-jiit/track/placement100-oops-java-2/quiz/MjMzNTk=,
quiz,Question4,https://www.geeksforgeeks.org/batch/dsa-jiit/track/placement100-oops-java-2/quiz/MjMzNjA=,
quiz,Question5,https://www.geeksforgeeks.org/batch/dsa-jiit/track/placement100-oops-java-2/quiz/MjMzNjE=,
quiz,Question6,https://www.geeksforgeeks.org/batch/dsa-jiit/track/placement100-oops-java-2/quiz/MjMzNjI=,
quiz,Question7,https://www.geeksforgeeks.org/batch/dsa-jiit/track/placement100-oops-java-2/quiz/MjMzNjM=,
quiz,Question8,https://www.geeksforgeeks.org/batch/dsa-jiit/track/placement100-oops-java-2/quiz/MjMzNjQ=,
quiz,Question9,https://www.geeksforgeeks.org/batch/dsa-jiit/track/placement100-oops-java-2/quiz/MjMzNjU=,
quiz,Question10,https://www.geeksforgeeks.org/batch/dsa-jiit/track/placement100-oops-java-2/quiz/MjMzNjY=,
quiz,Question11,https://www.geeksforgeeks.org/batch/dsa-jiit/track/placement100-oops-java-2/quiz/MjMzNjc=,
quiz,Question12,https://www.geeksforgeeks.org/batch/dsa-jiit/track/placement100-oops-java-2/quiz/MjMzNjg=,
quiz,Question13,https://www.geeksforgeeks.org/batch/dsa-jiit/track/placement100-oops-java-2/quiz/MjMzNjk=,
quiz,Question14,https://www.geeksforgeeks.org/batch/dsa-jiit/track/placement100-oops-java-2/quiz/MjMzNzA=,
quiz,Question15,https://www.geeksforgeeks.org/batch/dsa-jiit/track/placement100-oops-java-2/quiz/MjMzNzY=,
quiz,Question16,https://www.geeksforgeeks.org/batch/dsa-jiit/track/placement100-oops-java-2/quiz/MjMzODc=,
quiz,Question17,https://www.geeksforgeeks.org/batch/dsa-jiit/track/placement100-oops-java-2/quiz/MjMzODg=,
quiz,Question18,https://www.geeksforgeeks.org/batch/dsa-jiit/track/placement100-oops-java-2/quiz/MjMzODk=,
quiz,Question19,https://www.geeksforgeeks.org/batch/dsa-jiit/track/placement100-oops-java-2/quiz/MjMzOTA=,
quiz,Question20,https://www.geeksforgeeks.org/batch/dsa-jiit/track/placement100-oops-java-2/quiz/MjMzOTE=,
quiz,Question1,https://www.geeksforgeeks.org/batch/dsa-jiit/track/Java-Foundation-Advance-2/quiz/Mzk5OTM=,
quiz,Question2,https://www.geeksforgeeks.org/batch/dsa-jiit/track/Java-Foundation-Advance-2/quiz/Mzk5OTQ=,
quiz,Question3,https://www.geeksforgeeks.org/batch/dsa-jiit/track/Java-Foundation-Advance-2/quiz/Mzk5OTU=,
quiz,Question4,https://www.geeksforgeeks.org/batch/dsa-jiit/track/Java-Foundation-Advance-2/quiz/Mzk5OTY=,
quiz,Question5,https://www.geeksforgeeks.org/batch/dsa-jiit/track/Java-Foundation-Advance-2/quiz/Mzk5OTc=,
quiz,Question6,https://www.geeksforgeeks.org/batch/dsa-jiit/track/Java-Foundation-Advance-2/quiz/Mzk5OTg=,
quiz,Question7,https://www.geeksforgeeks.org/batch/dsa-jiit/track/Java-Foundation-Advance-2/quiz/Mzk5OTk=,
quiz,Question8,https://www.geeksforgeeks.org/batch/dsa-jiit/track/Java-Foundation-Advance-2/quiz/NDAwMDA=,
quiz,Question9,https://www.geeksforgeeks.org/batch/dsa-jiit/track/Java-Foundation-Advance-2/quiz/NDAwMDE=,
quiz,Question10,https://www.geeksforgeeks.org/batch/dsa-jiit/track/Java-Foundation-Advance-2/quiz/NDAwMDI=,
quiz,Question1,https://www.geeksforgeeks.org/batch/dsa-jiit/track/quiz-analysis-of-algorithm-ct/quiz/MzI3MA==,
quiz,Question2,https://www.geeksforgeeks.org/batch/dsa-jiit/track/quiz-analysis-of-algorithm-ct/quiz/MzI3Mw==,
quiz,Question3,https://www.geeksforgeeks.org/batch/dsa-jiit/track/quiz-analysis-of-algorithm-ct/quiz/MzM4Mg==,
quiz,Question4,https://www.geeksforgeeks.org/batch/dsa-jiit/track/quiz-analysis-of-algorithm-ct/quiz/MzI3NA==,
quiz,Question5,https://www.geeksforgeeks.org/batch/dsa-jiit/track/quiz-analysis-of-algorithm-ct/quiz/MzI4Mw==,
quiz,Question6,https://www.geeksforgeeks.org/batch/dsa-jiit/track/quiz-analysis-of-algorithm-ct/quiz/MzI5Ng==,
quiz,Question7,https://www.geeksforgeeks.org/batch/dsa-jiit/track/quiz-analysis-of-algorithm-ct/quiz/MzI4MQ==,
quiz,Question8,https://www.geeksforgeeks.org/batch/dsa-jiit/track/quiz-analysis-of-algorithm-ct/quiz/MzI5OQ==,
quiz,Question9,https://www.geeksforgeeks.org/batch/dsa-jiit/track/quiz-analysis-of-algorithm-ct/quiz/MzMxOQ==,
quiz,Question10,https://www.geeksforgeeks.org/batch/dsa-jiit/track/quiz-analysis-of-algorithm-ct/quiz/NDM0Nw==,
quiz,Question1,https://www.geeksforgeeks.org/batch/dsa-jiit/track/quiz-arrays-ct/quiz/NDA3NDQ=,
quiz,Question2,https://www.geeksforgeeks.org/batch/dsa-jiit/track/quiz-arrays-ct/quiz/NDA3NDU=,
quiz,Question3,https://www.geeksforgeeks.org/batch/dsa-jiit/track/quiz-arrays-ct/quiz/NDA3NDY=,
quiz,Question4,https://www.geeksforgeeks.org/batch/dsa-jiit/track/quiz-arrays-ct/quiz/NDA3NDc=,
quiz,Question5,https://www.geeksforgeeks.org/batch/dsa-jiit/track/quiz-arrays-ct/quiz/NDA3NDg=,
quiz,Question6,https://www.geeksforgeeks.org/batch/dsa-jiit/track/quiz-arrays-ct/quiz/NDA3NTM=,
quiz,Question7,https://www.geeksforgeeks.org/batch/dsa-jiit/track/quiz-arrays-ct/quiz/NDA3NTI=,
quiz,Question8,https://www.geeksforgeeks.org/batch/dsa-jiit/track/quiz-arrays-ct/quiz/NDA3NTE=,
quiz,Question9,https://www.geeksforgeeks.org/batch/dsa-jiit/track/quiz-arrays-ct/quiz/NDA3NTA=,
quiz,Question10,https://www.geeksforgeeks.org/batch/dsa-jiit/track/quiz-arrays-ct/quiz/NDA3NDk=,
quiz,Question1,https://www.geeksforgeeks.org/batch/dsa-jiit/track/quiz-matrix-ct/quiz/MTE1OTc=,
quiz,Question2,https://www.geeksforgeeks.org/batch/dsa-jiit/track/quiz-matrix-ct/quiz/MTE1OTg=,
quiz,Question3,https://www.geeksforgeeks.org/batch/dsa-jiit/track/quiz-matrix-ct/quiz/MTE1OTk=,
quiz,Question4,https://www.geeksforgeeks.org/batch/dsa-jiit/track/quiz-matrix-ct/quiz/MTE2MDA=,
quiz,Question5,https://www.geeksforgeeks.org/batch/dsa-jiit/track/quiz-matrix-ct/quiz/MTE2MDE=,
quiz,Question1,https://www.geeksforgeeks.org/batch/dsa-jiit/track/quiz-string-ct/quiz/NDA3MzM=,
quiz,Question2,https://www.geeksforgeeks.org/batch/dsa-jiit/track/quiz-string-ct/quiz/NDA3MzQ=,
quiz,Question3,https://www.geeksforgeeks.org/batch/dsa-jiit/track/quiz-string-ct/quiz/NDA3MzU=,
quiz,Question4,https://www.geeksforgeeks.org/batch/dsa-jiit/track/quiz-string-ct/quiz/NDA3MzY=,
quiz,Question5,https://www.geeksforgeeks.org/batch/dsa-jiit/track/quiz-string-ct/quiz/NDA3Mzc=,
quiz,Question6,https://www.geeksforgeeks.org/batch/dsa-jiit/track/quiz-string-ct/quiz/NDA3Mzg=,
quiz,Question7,https://www.geeksforgeeks.org/batch/dsa-jiit/track/quiz-string-ct/quiz/NDA3NDM=,
quiz,Question8,https://www.geeksforgeeks.org/batch/dsa-jiit/track/quiz-string-ct/quiz/NDA3NDA=,
quiz,Question9,https://www.geeksforgeeks.org/batch/dsa-jiit/track/quiz-string-ct/quiz/NDA3NDE=,
quiz,Question10,https://www.geeksforgeeks.org/batch/dsa-jiit/track/quiz-string-ct/quiz/NDA3NDI=,
quiz,Question1,https://www.geeksforgeeks.org/batch/dsa-jiit/track/quiz-mathematics-ct/quiz/NTA1Nzk=,
quiz,Question2,https://www.geeksforgeeks.org/batch/dsa-jiit/track/quiz-mathematics-ct/quiz/NTA1ODA=,
quiz,Question3,https://www.geeksforgeeks.org/batch/dsa-jiit/track/quiz-mathematics-ct/quiz/NTA1ODE=,
quiz,Question4,https://www.geeksforgeeks.org/batch/dsa-jiit/track/quiz-mathematics-ct/quiz/NTA1ODI=,
quiz,Question5,https://www.geeksforgeeks.org/batch/dsa-jiit/track/quiz-mathematics-ct/quiz/NTA1ODM=,
quiz,Question6,https://www.geeksforgeeks.org/batch/dsa-jiit/track/quiz-mathematics-ct/quiz/NTA1ODY=,
quiz,Question7,https://www.geeksforgeeks.org/batch/dsa-jiit/track/quiz-mathematics-ct/quiz/NTA1ODc=,
quiz,Question8,https://www.geeksforgeeks.org/batch/dsa-jiit/track/quiz-mathematics-ct/quiz/NTA1ODk=,
quiz,Question9,https://www.geeksforgeeks.org/batch/dsa-jiit/track/quiz-mathematics-ct/quiz/NTA1OTE=,
quiz,Question10,https://www.geeksforgeeks.org/batch/dsa-jiit/track/quiz-mathematics-ct/quiz/NTA1OTI=,
quiz,Question1,https://www.geeksforgeeks.org/batch/dsa-jiit/track/quiz-bit-magic-ct/quiz/NDM4OTE=,
quiz,Question2,https://www.geeksforgeeks.org/batch/dsa-jiit/track/quiz-bit-magic-ct/quiz/NDM4OTI=,
quiz,Question3,https://www.geeksforgeeks.org/batch/dsa-jiit/track/quiz-bit-magic-ct/quiz/NDM4OTM=,
quiz,Question4,https://www.geeksforgeeks.org/batch/dsa-jiit/track/quiz-bit-magic-ct/quiz/NDM4OTQ=,
quiz,Question5,https://www.geeksforgeeks.org/batch/dsa-jiit/track/quiz-bit-magic-ct/quiz/NDM4OTU=,
quiz,Question6,https://www.geeksforgeeks.org/batch/dsa-jiit/track/quiz-bit-magic-ct/quiz/NDUwMQ==,
quiz,Question7,https://www.geeksforgeeks.org/batch/dsa-jiit/track/quiz-bit-magic-ct/quiz/NDUwMg==,
quiz,Question8,https://www.geeksforgeeks.org/batch/dsa-jiit/track/quiz-bit-magic-ct/quiz/NDUwMw==,
quiz,Question9,https://www.geeksforgeeks.org/batch/dsa-jiit/track/quiz-bit-magic-ct/quiz/NDUxNQ==,
quiz,Question10,https://www.geeksforgeeks.org/batch/dsa-jiit/track/quiz-bit-magic-ct/quiz/NDUwNA==,
quiz,Question1,https://www.geeksforgeeks.org/batch/dsa-jiit/track/quiz-stack-ct/quiz/MzIyNg==,
quiz,Question2,https://www.geeksforgeeks.org/batch/dsa-jiit/track/quiz-stack-ct/quiz/MzIxMA==,
quiz,Question3,https://www.geeksforgeeks.org/batch/dsa-jiit/track/quiz-stack-ct/quiz/MzIyOA==,
quiz,Question4,https://www.geeksforgeeks.org/batch/dsa-jiit/track/quiz-stack-ct/quiz/MzI0Mg==,
quiz,Question5,https://www.geeksforgeeks.org/batch/dsa-jiit/track/quiz-stack-ct/quiz/MzIyOQ==,
quiz,Question6,https://www.geeksforgeeks.org/batch/dsa-jiit/track/quiz-stack-ct/quiz/MzIzMA==,
quiz,Question7,https://www.geeksforgeeks.org/batch/dsa-jiit/track/quiz-stack-ct/quiz/MzIzMg==,
quiz,Question8,https://www.geeksforgeeks.org/batch/dsa-jiit/track/quiz-stack-ct/quiz/MzI0MA==,
quiz,Question9,https://www.geeksforgeeks.org/batch/dsa-jiit/track/quiz-stack-ct/quiz/NDQwODU=,
quiz,Question10,https://www.geeksforgeeks.org/batch/dsa-jiit/track/quiz-stack-ct/quiz/NDQwODQ=,
quiz,Question1,https://www.geeksforgeeks.org/batch/dsa-jiit/track/quiz-queue-ct/quiz/MzI1OQ==,
quiz,Question2,https://www.geeksforgeeks.org/batch/dsa-jiit/track/quiz-queue-ct/quiz/MzI0NA==,
quiz,Question3,https://www.geeksforgeeks.org/batch/dsa-jiit/track/quiz-queue-ct/quiz/MzI0Ng==,
quiz,Question4,https://www.geeksforgeeks.org/batch/dsa-jiit/track/quiz-queue-ct/quiz/MzI0Nw==,
quiz,Question5,https://www.geeksforgeeks.org/batch/dsa-jiit/track/quiz-queue-ct/quiz/MzI2MQ==,
quiz,Question6,https://www.geeksforgeeks.org/batch/dsa-jiit/track/quiz-queue-ct/quiz/MzI0OQ==,
quiz,Question7,https://www.geeksforgeeks.org/batch/dsa-jiit/track/quiz-queue-ct/quiz/MzI1MA==,
quiz,Question8,https://www.geeksforgeeks.org/batch/dsa-jiit/track/quiz-queue-ct/quiz/MzI1MQ==,
quiz,Question9,https://www.geeksforgeeks.org/batch/dsa-jiit/track/quiz-queue-ct/quiz/MzI1Mg==,
quiz,Question10,https://www.geeksforgeeks.org/batch/dsa-jiit/track/quiz-queue-ct/quiz/MzI0OA==,
quiz,Question1,https://www.geeksforgeeks.org/batch/dsa-jiit/track/quiz-deque-ct/quiz/NDQwODY=,
quiz,Question2,https://www.geeksforgeeks.org/batch/dsa-jiit/track/quiz-deque-ct/quiz/NDQwODc=,
quiz,Question3,https://www.geeksforgeeks.org/batch/dsa-jiit/track/quiz-deque-ct/quiz/NDQwODg=,
quiz,Question4,https://www.geeksforgeeks.org/batch/dsa-jiit/track/quiz-deque-ct/quiz/NDQwODk=,
quiz,Question5,https://www.geeksforgeeks.org/batch/dsa-jiit/track/quiz-deque-ct/quiz/NDQwOTA=,
quiz,Question6,https://www.geeksforgeeks.org/batch/dsa-jiit/track/quiz-deque-ct/quiz/NDQwOTE=,
quiz,Question7,https://www.geeksforgeeks.org/batch/dsa-jiit/track/quiz-deque-ct/quiz/NDQwOTI=,
quiz,Question8,https://www.geeksforgeeks.org/batch/dsa-jiit/track/quiz-deque-ct/quiz/NDQwOTM=,
quiz,Question9,https://www.geeksforgeeks.org/batch/dsa-jiit/track/quiz-deque-ct/quiz/NDQwOTQ=,
quiz,Question10,https://www.geeksforgeeks.org/batch/dsa-jiit/track/quiz-deque-ct/quiz/NDQwOTU=,
quiz,Question1,https://www.geeksforgeeks.org/batch/dsa-jiit/track/quiz-linked-list-ct/quiz/MzIwNQ==,
quiz,Question2,https://www.geeksforgeeks.org/batch/dsa-jiit/track/quiz-linked-list-ct/quiz/MzE3Ng==,
quiz,Question3,https://www.geeksforgeeks.org/batch/dsa-jiit/track/quiz-linked-list-ct/quiz/MzE3OA==,
quiz,Question4,https://www.geeksforgeeks.org/batch/dsa-jiit/track/quiz-linked-list-ct/quiz/MzIwNg==,
quiz,Question5,https://www.geeksforgeeks.org/batch/dsa-jiit/track/quiz-linked-list-ct/quiz/MzE3OQ==,
quiz,Question6,https://www.geeksforgeeks.org/batch/dsa-jiit/track/quiz-linked-list-ct/quiz/MzE4MA==,
quiz,Question7,https://www.geeksforgeeks.org/batch/dsa-jiit/track/quiz-linked-list-ct/quiz/MzE4Mg==,
quiz,Question8,https://www.geeksforgeeks.org/batch/dsa-jiit/track/quiz-linked-list-ct/quiz/MzE4Mw==,
quiz,Question9,https://www.geeksforgeeks.org/batch/dsa-jiit/track/quiz-linked-list-ct/quiz/MzE4NA==,
quiz,Question10,https://www.geeksforgeeks.org/batch/dsa-jiit/track/quiz-linked-list-ct/quiz/MzE4NQ==,
quiz,Question1,https://www.geeksforgeeks.org/batch/dsa-jiit/track/quiz-hashing-ct/quiz/MzkzMg==,
quiz,Question2,https://www.geeksforgeeks.org/batch/dsa-jiit/track/quiz-hashing-ct/quiz/Mzk1NA==,
quiz,Question3,https://www.geeksforgeeks.org/batch/dsa-jiit/track/quiz-hashing-ct/quiz/Mzk0MQ==,
quiz,Question4,https://www.geeksforgeeks.org/batch/dsa-jiit/track/quiz-hashing-ct/quiz/NDM0NjU=,
quiz,Question5,https://www.geeksforgeeks.org/batch/dsa-jiit/track/quiz-hashing-ct/quiz/MzkzMw==,
quiz,Question6,https://www.geeksforgeeks.org/batch/dsa-jiit/track/quiz-hashing-ct/quiz/MzkzNA==,
quiz,Question7,https://www.geeksforgeeks.org/batch/dsa-jiit/track/quiz-hashing-ct/quiz/Mzk0Nw==,
quiz,Question8,https://www.geeksforgeeks.org/batch/dsa-jiit/track/quiz-hashing-ct/quiz/MzkzNg==,
quiz,Question9,https://www.geeksforgeeks.org/batch/dsa-jiit/track/quiz-hashing-ct/quiz/Mzk1MQ==,
quiz,Question10,https://www.geeksforgeeks.org/batch/dsa-jiit/track/quiz-hashing-ct/quiz/MzkzOQ==,
quiz,Question1,https://www.geeksforgeeks.org/batch/dsa-jiit/track/quiz-recursion-ct/quiz/NDM4OTY=,
quiz,Question2,https://www.geeksforgeeks.org/batch/dsa-jiit/track/quiz-recursion-ct/quiz/NDQwMg==,
quiz,Question3,https://www.geeksforgeeks.org/batch/dsa-jiit/track/quiz-recursion-ct/quiz/NDQwMw==,
quiz,Question4,https://www.geeksforgeeks.org/batch/dsa-jiit/track/quiz-recursion-ct/quiz/NDQwNA==,
quiz,Question5,https://www.geeksforgeeks.org/batch/dsa-jiit/track/quiz-recursion-ct/quiz/NDQwNQ==,
quiz,Question6,https://www.geeksforgeeks.org/batch/dsa-jiit/track/quiz-recursion-ct/quiz/NDQwNw==,
quiz,Question7,https://www.geeksforgeeks.org/batch/dsa-jiit/track/quiz-recursion-ct/quiz/NDQwOA==,
quiz,Question8,https://www.geeksforgeeks.org/batch/dsa-jiit/track/quiz-recursion-ct/quiz/NDQwOQ==,
quiz,Question9,https://www.geeksforgeeks.org/batch/dsa-jiit/track/quiz-recursion-ct/quiz/NDQxMQ==,
quiz,Question10,https://www.geeksforgeeks.org/batch/dsa-jiit/track/quiz-recursion-ct/quiz/NDQxMg==,
quiz,Question1,https://www.geeksforgeeks.org/batch/dsa-jiit/track/quiz-sorting-ct/quiz/MzM1Mg==,
quiz,Question2,https://www.geeksforgeeks.org/batch/dsa-jiit/track/quiz-sorting-ct/quiz/MzM1Mw==,
quiz,Question3,https://www.geeksforgeeks.org/batch/dsa-jiit/track/quiz-sorting-ct/quiz/MzM4OA==,
quiz,Question4,https://www.geeksforgeeks.org/batch/dsa-jiit/track/quiz-sorting-ct/quiz/MzM4OQ==,
quiz,Question5,https://www.geeksforgeeks.org/batch/dsa-jiit/track/quiz-sorting-ct/quiz/MzM1NA==,
quiz,Question6,https://www.geeksforgeeks.org/batch/dsa-jiit/track/quiz-sorting-ct/quiz/MzM4MQ==,
quiz,Question7,https://www.geeksforgeeks.org/batch/dsa-jiit/track/quiz-sorting-ct/quiz/MzM5Mg==,
quiz,Question8,https://www.geeksforgeeks.org/batch/dsa-jiit/track/quiz-sorting-ct/quiz/MzI4Ng==,
quiz,Question9,https://www.geeksforgeeks.org/batch/dsa-jiit/track/quiz-sorting-ct/quiz/MzM1Ng==,
quiz,Question10,https://www.geeksforgeeks.org/batch/dsa-jiit/track/quiz-sorting-ct/quiz/MzM5Mw==,
quiz,Question1,https://www.geeksforgeeks.org/batch/dsa-jiit/track/quiz-searching-ct/quiz/NDI4NA==,
quiz,Question2,https://www.geeksforgeeks.org/batch/dsa-jiit/track/quiz-searching-ct/quiz/NDI4NQ==,
quiz,Question3,https://www.geeksforgeeks.org/batch/dsa-jiit/track/quiz-searching-ct/quiz/NDI4OA==,
quiz,Question4,https://www.geeksforgeeks.org/batch/dsa-jiit/track/quiz-searching-ct/quiz/NDI5Mg==,
quiz,Question5,https://www.geeksforgeeks.org/batch/dsa-jiit/track/quiz-searching-ct/quiz/MzYwMA==,
quiz,Question6,https://www.geeksforgeeks.org/batch/dsa-jiit/track/quiz-searching-ct/quiz/NDI4OQ==,
quiz,Question7,https://www.geeksforgeeks.org/batch/dsa-jiit/track/quiz-searching-ct/quiz/NDI5Nw==,
quiz,Question8,https://www.geeksforgeeks.org/batch/dsa-jiit/track/quiz-searching-ct/quiz/NDI5MA==,
quiz,Question9,https://www.geeksforgeeks.org/batch/dsa-jiit/track/quiz-searching-ct/quiz/MzM2OQ==,
quiz,Question10,https://www.geeksforgeeks.org/batch/dsa-jiit/track/quiz-searching-ct/quiz/NDI5OA==,
quiz,Question1,https://www.geeksforgeeks.org/batch/dsa-jiit/track/quiz-tree-ct/quiz/MzQ5NQ==,
quiz,Question2,https://www.geeksforgeeks.org/batch/dsa-jiit/track/quiz-tree-ct/quiz/MzQ5Nw==,
quiz,Question3,https://www.geeksforgeeks.org/batch/dsa-jiit/track/quiz-tree-ct/quiz/MzUwMA==,
quiz,Question4,https://www.geeksforgeeks.org/batch/dsa-jiit/track/quiz-tree-ct/quiz/MzUwMQ==,
quiz,Question5,https://www.geeksforgeeks.org/batch/dsa-jiit/track/quiz-tree-ct/quiz/MzUwMw==,
quiz,Question6,https://www.geeksforgeeks.org/batch/dsa-jiit/track/quiz-tree-ct/quiz/MzUwOA==,
quiz,Question7,https://www.geeksforgeeks.org/batch/dsa-jiit/track/quiz-tree-ct/quiz/MzUxMg==,
quiz,Question8,https://www.geeksforgeeks.org/batch/dsa-jiit/track/quiz-tree-ct/quiz/MzUxMw==,
quiz,Question9,https://www.geeksforgeeks.org/batch/dsa-jiit/track/quiz-tree-ct/quiz/MzUxNA==,
quiz,Question10,https://www.geeksforgeeks.org/batch/dsa-jiit/track/quiz-tree-ct/quiz/MzUwMg==,
quiz,Question1,https://www.geeksforgeeks.org/batch/dsa-jiit/track/quiz-bst-ct/quiz/MzU0Nw==,
quiz,Question2,https://www.geeksforgeeks.org/batch/dsa-jiit/track/quiz-bst-ct/quiz/MzU0OA==,
quiz,Question3,https://www.geeksforgeeks.org/batch/dsa-jiit/track/quiz-bst-ct/quiz/MzU0OQ==,
quiz,Question4,https://www.geeksforgeeks.org/batch/dsa-jiit/track/quiz-bst-ct/quiz/MzU1MA==,
quiz,Question5,https://www.geeksforgeeks.org/batch/dsa-jiit/track/quiz-bst-ct/quiz/MzU4MQ==,
quiz,Question6,https://www.geeksforgeeks.org/batch/dsa-jiit/track/quiz-bst-ct/quiz/MzU4NA==,
quiz,Question7,https://www.geeksforgeeks.org/batch/dsa-jiit/track/quiz-bst-ct/quiz/MzU1Mw==,
quiz,Question8,https://www.geeksforgeeks.org/batch/dsa-jiit/track/quiz-bst-ct/quiz/MzU1NA==,
quiz,Question9,https://www.geeksforgeeks.org/batch/dsa-jiit/track/quiz-bst-ct/quiz/MzU1NQ==,
quiz,Question10,https://www.geeksforgeeks.org/batch/dsa-jiit/track/quiz-bst-ct/quiz/MzU1OA==,
quiz,Question1,https://www.geeksforgeeks.org/batch/dsa-jiit/track/quiz-heap-ct/quiz/NDI1OA==,
quiz,Question2,https://www.geeksforgeeks.org/batch/dsa-jiit/track/quiz-heap-ct/quiz/NDI1OQ==,
quiz,Question3,https://www.geeksforgeeks.org/batch/dsa-jiit/track/quiz-heap-ct/quiz/NDI2MA==,
quiz,Question4,https://www.geeksforgeeks.org/batch/dsa-jiit/track/quiz-heap-ct/quiz/NDI2MQ==,
quiz,Question5,https://www.geeksforgeeks.org/batch/dsa-jiit/track/quiz-heap-ct/quiz/NDI2Mg==,
quiz,Question6,https://www.geeksforgeeks.org/batch/dsa-jiit/track/quiz-heap-ct/quiz/NDI2Mw==,
quiz,Question7,https://www.geeksforgeeks.org/batch/dsa-jiit/track/quiz-heap-ct/quiz/NDI2NA==,
quiz,Question8,https://www.geeksforgeeks.org/batch/dsa-jiit/track/quiz-heap-ct/quiz/NDI2NQ==,
quiz,Question9,https://www.geeksforgeeks.org/batch/dsa-jiit/track/quiz-heap-ct/quiz/NDI2Ng==,
quiz,Question10,https://www.geeksforgeeks.org/batch/dsa-jiit/track/quiz-heap-ct/quiz/NDI2Nw==,
quiz,Question1,https://www.geeksforgeeks.org/batch/dsa-jiit/track/quiz-college-training/quiz/MzYwNA==,
quiz,Question2,https://www.geeksforgeeks.org/batch/dsa-jiit/track/quiz-college-training/quiz/MzYwNQ==,
quiz,Question3,https://www.geeksforgeeks.org/batch/dsa-jiit/track/quiz-college-training/quiz/MzYwNg==,
quiz,Question4,https://www.geeksforgeeks.org/batch/dsa-jiit/track/quiz-college-training/quiz/MzYwOA==,
quiz,Question5,https://www.geeksforgeeks.org/batch/dsa-jiit/track/quiz-college-training/quiz/MzYxMw==,
quiz,Question6,https://www.geeksforgeeks.org/batch/dsa-jiit/track/quiz-college-training/quiz/MzYzNA==,
quiz,Question7,https://www.geeksforgeeks.org/batch/dsa-jiit/track/quiz-college-training/quiz/MzYyOQ==,
quiz,Question8,https://www.geeksforgeeks.org/batch/dsa-jiit/track/quiz-college-training/quiz/MzYxNw==,
quiz,Question9,https://www.geeksforgeeks.org/batch/dsa-jiit/track/quiz-college-training/quiz/MzYyMA==,
quiz,Question10,https://www.geeksforgeeks.org/batch/dsa-jiit/track/quiz-college-training/quiz/MzYyMQ==,
quiz,Question1,https://www.geeksforgeeks.org/batch/dsa-jiit/track/quiz-greedy-ct/quiz/MzQzNg==,
quiz,Question2,https://www.geeksforgeeks.org/batch/dsa-jiit/track/quiz-greedy-ct/quiz/MzQzNw==,
quiz,Question3,https://www.geeksforgeeks.org/batch/dsa-jiit/track/quiz-greedy-ct/quiz/MzQzOQ==,
quiz,Question4,https://www.geeksforgeeks.org/batch/dsa-jiit/track/quiz-greedy-ct/quiz/MzQ1MQ==,
quiz,Question5,https://www.geeksforgeeks.org/batch/dsa-jiit/track/quiz-greedy-ct/quiz/MzQ1Mg==,
quiz,Question6,https://www.geeksforgeeks.org/batch/dsa-jiit/track/quiz-greedy-ct/quiz/MzQ1MA==,
quiz,Question7,https://www.geeksforgeeks.org/batch/dsa-jiit/track/quiz-greedy-ct/quiz/MzQ0NA==,
quiz,Question8,https://www.geeksforgeeks.org/batch/dsa-jiit/track/quiz-greedy-ct/quiz/MzQ0OQ==,
quiz,Question9,https://www.geeksforgeeks.org/batch/dsa-jiit/track/quiz-greedy-ct/quiz/MzQ1Mw==,
quiz,Question10,https://www.geeksforgeeks.org/batch/dsa-jiit/track/quiz-greedy-ct/quiz/MzQ0Nw==,
quiz,Question1,https://www.geeksforgeeks.org/batch/dsa-jiit/track/quiz-backtracking-ct/quiz/MjMxODk=,
quiz,Question2,https://www.geeksforgeeks.org/batch/dsa-jiit/track/quiz-backtracking-ct/quiz/MjMxOTA=,
quiz,Question3,https://www.geeksforgeeks.org/batch/dsa-jiit/track/quiz-backtracking-ct/quiz/MjMxOTE=,
quiz,Question4,https://www.geeksforgeeks.org/batch/dsa-jiit/track/quiz-backtracking-ct/quiz/MjMxOTI=,
quiz,Question5,https://www.geeksforgeeks.org/batch/dsa-jiit/track/quiz-backtracking-ct/quiz/MjMxOTM=,
quiz,Question6,https://www.geeksforgeeks.org/batch/dsa-jiit/track/quiz-backtracking-ct/quiz/MjMxOTQ=,
quiz,Question7,https://www.geeksforgeeks.org/batch/dsa-jiit/track/quiz-backtracking-ct/quiz/MjMxOTU=,
quiz,Question8,https://www.geeksforgeeks.org/batch/dsa-jiit/track/quiz-backtracking-ct/quiz/MjMxOTY=,
quiz,Question9,https://www.geeksforgeeks.org/batch/dsa-jiit/track/quiz-backtracking-ct/quiz/MjMxOTc=,
quiz,Question10,https://www.geeksforgeeks.org/batch/dsa-jiit/track/quiz-backtracking-ct/quiz/MjMxOTg=,
quiz,Question1,https://www.geeksforgeeks.org/batch/dsa-jiit/track/quiz-dp-ct/quiz/MzQ2Nw==,
quiz,Question2,https://www.geeksforgeeks.org/batch/dsa-jiit/track/quiz-dp-ct/quiz/MzQ1Ng==,
quiz,Question3,https://www.geeksforgeeks.org/batch/dsa-jiit/track/quiz-dp-ct/quiz/MzQ1OA==,
quiz,Question4,https://www.geeksforgeeks.org/batch/dsa-jiit/track/quiz-dp-ct/quiz/MzQ2Ng==,
quiz,Question5,https://www.geeksforgeeks.org/batch/dsa-jiit/track/quiz-dp-ct/quiz/MzQ1OQ==,
quiz,Question6,https://www.geeksforgeeks.org/batch/dsa-jiit/track/quiz-dp-ct/quiz/MzQ2OA==,
quiz,Question7,https://www.geeksforgeeks.org/batch/dsa-jiit/track/quiz-dp-ct/quiz/MzQ2MQ==,
quiz,Question8,https://www.geeksforgeeks.org/batch/dsa-jiit/track/quiz-dp-ct/quiz/MzQ1MA==,
quiz,Question9,https://www.geeksforgeeks.org/batch/dsa-jiit/track/quiz-dp-ct/quiz/MzQ2Mg==,
quiz,Question10,https://www.geeksforgeeks.org/batch/dsa-jiit/track/quiz-dp-ct/quiz/MzQ2NA==,
quiz,Question1,https://www.geeksforgeeks.org/batch/dsa-jiit/track/quiz-trie-ct/quiz/NDM2ODU=,
quiz,Question2,https://www.geeksforgeeks.org/batch/dsa-jiit/track/quiz-trie-ct/quiz/NDM2ODY=,
quiz,Question3,https://www.geeksforgeeks.org/batch/dsa-jiit/track/quiz-trie-ct/quiz/NDM2ODc=,
quiz,Question4,https://www.geeksforgeeks.org/batch/dsa-jiit/track/quiz-trie-ct/quiz/NDM2ODg=,
quiz,Question5,https://www.geeksforgeeks.org/batch/dsa-jiit/track/quiz-trie-ct/quiz/NDM2ODk=,
quiz,Question1,https://www.geeksforgeeks.org/batch/dsa-jiit/track/quiz-segment-ct/quiz/NDM4MDE=,
quiz,Question2,https://www.geeksforgeeks.org/batch/dsa-jiit/track/quiz-segment-ct/quiz/NDM4MDI=,
quiz,Question3,https://www.geeksforgeeks.org/batch/dsa-jiit/track/quiz-segment-ct/quiz/NDM4MDM=,
quiz,Question4,https://www.geeksforgeeks.org/batch/dsa-jiit/track/quiz-segment-ct/quiz/NDM4MDQ=,
quiz,Question5,https://www.geeksforgeeks.org/batch/dsa-jiit/track/quiz-segment-ct/quiz/NDM4MDU=,
quiz,Question1,https://www.geeksforgeeks.org/batch/dsa-jiit/track/quiz-disjoint-set-ct/quiz/NDM3OTE=,
quiz,Question2,https://www.geeksforgeeks.org/batch/dsa-jiit/track/quiz-disjoint-set-ct/quiz/NDM3OTI=,
quiz,Question3,https://www.geeksforgeeks.org/batch/dsa-jiit/track/quiz-disjoint-set-ct/quiz/NDM3OTM=,
quiz,Question4,https://www.geeksforgeeks.org/batch/dsa-jiit/track/quiz-disjoint-set-ct/quiz/NDM3OTQ=,
quiz,Question5,https://www.geeksforgeeks.org/batch/dsa-jiit/track/quiz-disjoint-set-ct/quiz/NDM3OTU=,
